{
  "1982-1": {
    "grid": {
      "x": 0.08743169398907104,
      "y": 0.124750499001996,
      "w": 0.8620218579234973,
      "h": 0.7874251497005988
    },
    "timeline": {
      "x": 0.07377049180327869,
      "y": 0.0968063872255489,
      "w": 0.8797814207650273,
      "h": 0.8582834331337326
    }
  }
}