{
  "1982-1": {
    "grid": {
      "x": 0.08743169398907104,
      "y": 0.124750499001996,
      "w": 0.8620218579234973,
      "h": 0.7874251497005988
    },
    "timeline": {
      "x": 0.07377049180327869,
      "y": 0.0968063872255489,
      "w": 0.8797814207650273,
      "h": 0.8582834331337326
    }
  },
  "1982-2": {
    "grid": {
      "x": 0.05029013539651837,
      "y": 0.057233704292527825,
      "w": 0.8994197292069632,
      "h": 0.7448330683624801
    },
    "timeline": {
      "x": 0.05029013539651837,
      "y": 0.057233704292527825,
      "w": 0.8994197292069632,
      "h": 0.7448330683624801
    }
  },
  "2023-1": {
    "grid": {
      "x": 0.14680483592400692,
      "y": 0.3170336787564767,
      "w": 0.6355785837651122,
      "h": 0.47668393782383417
    },
    "timeline": {
      "x": 0,
      "y": 0.0012953367875647669,
      "w": 1,
      "h": 0.9987046632124352
    }
  },
  "2026-2": {
    "grid": {
      "x": 0.10342261904761904,
      "y": 0.1302910052910053,
      "w": 0.42038690476190477,
      "h": 0.560515873015873
    },
    "timeline": {
      "x": 0,
      "y": 0,
      "w": 1,
      "h": 1
    }
  },
  "_yearPhoto": {
    "2026": 2
  }
}